,timestamp,variable,value
0,2013-08-23 21:00:00,co2,
1,2013-08-23 22:00:00,co2,
2,2013-08-23 23:00:00,co2,655.1476407914764
3,2013-08-24 00:00:00,co2,607.3736111111111
4,2013-08-24 01:00:00,co2,559.1111111111111
5,2013-08-24 02:00:00,co2,523.1430555555555
6,2013-08-24 03:00:00,co2,512.3819444444445
7,2013-08-24 04:00:00,co2,513.4638888888888
8,2013-08-24 05:00:00,co2,499.05
9,2013-08-24 06:00:00,co2,495.8986111111111
10,2013-08-24 07:00:00,co2,491.0
11,2013-08-24 08:00:00,co2,486.9223021582734
12,2013-08-24 09:00:00,co2,483.975
13,2013-08-24 10:00:00,co2,483.3541666666667
14,2013-08-24 11:00:00,co2,481.3152777777778
15,2013-08-24 12:00:00,co2,480.77916666666664
16,2013-08-24 13:00:00,co2,483.15277777777777
17,2013-08-24 14:00:00,co2,484.15
18,2013-08-24 15:00:00,co2,485.54583333333335
19,2013-08-24 16:00:00,co2,491.4583333333333
20,2013-08-24 17:00:00,co2,498.8930555555556
21,2013-08-24 18:00:00,co2,520.1847222222223
22,2013-08-24 19:00:00,co2,538.7013888888889
23,2013-08-24 20:00:00,co2,537.9805555555556
24,2013-08-24 21:00:00,co2,538.6555555555556
25,2013-08-24 22:00:00,co2,547.0125
26,2013-08-24 23:00:00,co2,538.2069444444444
27,2013-08-25 00:00:00,co2,521.2569444444445
28,2013-08-25 01:00:00,co2,517.1458333333334
29,2013-08-25 02:00:00,co2,505.8888888888889
30,2013-08-25 03:00:00,co2,497.3930555555556
31,2013-08-25 04:00:00,co2,499.4402777777778
32,2013-08-25 05:00:00,co2,501.6347222222222
33,2013-08-25 06:00:00,co2,499.2375
34,2013-08-25 07:00:00,co2,500.2861111111111
35,2013-08-25 08:00:00,co2,497.09583333333336
36,2013-08-25 09:00:00,co2,495.3513888888889
37,2013-08-25 10:00:00,co2,497.0472222222222
38,2013-08-25 11:00:00,co2,491.1763888888889
39,2013-08-25 12:00:00,co2,492.13055555555553
40,2013-08-25 13:00:00,co2,492.40833333333336
41,2013-08-25 14:00:00,co2,491.29027777777776
42,2013-08-25 15:00:00,co2,490.2402777777778
43,2013-08-25 16:00:00,co2,491.79583333333335
44,2013-08-25 17:00:00,co2,495.86805555555554
45,2013-08-25 18:00:00,co2,504.125
46,2013-08-25 19:00:00,co2,514.8819444444445
47,2013-08-25 20:00:00,co2,526.7791666666667
48,2013-08-25 21:00:00,co2,540.3708333333333
49,2013-08-25 22:00:00,co2,537.0361111111112
50,2013-08-25 23:00:00,co2,520.5763888888889
51,2013-08-26 00:00:00,co2,508.7611111111111
52,2013-08-26 01:00:00,co2,499.15416666666664
53,2013-08-26 02:00:00,co2,502.40555555555557
54,2013-08-26 03:00:00,co2,504.1430555555556
55,2013-08-26 04:00:00,co2,501.9236111111111
56,2013-08-26 05:00:00,co2,497.24444444444447
57,2013-08-26 06:00:00,co2,496.3541666666667
58,2013-08-26 07:00:00,co2,493.24444444444447
59,2013-08-26 08:00:00,co2,492.92083333333335
60,2013-08-26 09:00:00,co2,493.81944444444446
61,2013-08-26 10:00:00,co2,489.6041666666667
62,2013-08-26 11:00:00,co2,483.7402777777778
63,2013-08-26 12:00:00,co2,485.06944444444446
64,2013-08-26 13:00:00,co2,489.1097222222222
65,2013-08-26 14:00:00,co2,492.60555555555555
66,2013-08-26 15:00:00,co2,496.34305555555557
67,2013-08-26 16:00:00,co2,566.8027777777778
68,2013-08-26 17:00:00,co2,510.21527777777777
69,2013-08-26 18:00:00,co2,513.5444444444445
70,2013-08-26 19:00:00,co2,581.4875
71,2013-08-26 20:00:00,co2,894.0472878998609
72,2013-08-26 21:00:00,co2,811.6777777777778
73,2013-08-26 22:00:00,co2,644.2055555555555
74,2013-08-26 23:00:00,co2,637.4895688456189
75,2013-08-27 00:00:00,co2,618.1180555555555
76,2013-08-27 01:00:00,co2,578.0388888888889
77,2013-08-27 02:00:00,co2,531.7872044506258
78,2013-08-27 03:00:00,co2,500.3361111111111
79,2013-08-27 04:00:00,co2,504.23333333333335
80,2013-08-27 05:00:00,co2,506.6486111111111
81,2013-08-27 06:00:00,co2,500.5306406685237
82,2013-08-27 07:00:00,co2,498.15738161559887
83,2013-08-27 08:00:00,co2,487.99860917941584
84,2013-08-27 09:00:00,co2,481.89986091794157
85,2013-08-27 10:00:00,co2,479.06666666666666
86,2013-08-27 11:00:00,co2,479.697350069735
87,2013-08-27 12:00:00,co2,486.268156424581
88,2013-08-27 13:00:00,co2,494.36959553695954
89,2013-08-27 14:00:00,co2,499.4560669456067
90,2013-08-27 15:00:00,co2,505.7723463687151
91,2013-08-27 16:00:00,co2,522.054469273743
92,2013-08-27 17:00:00,co2,530.0041724617524
93,2013-08-27 18:00:00,co2,532.3698630136986
94,2013-08-27 19:00:00,co2,
95,2013-08-27 20:00:00,co2,
96,2013-08-27 21:00:00,co2,
97,2013-08-27 22:00:00,co2,
98,2013-08-27 23:00:00,co2,606.9484304932736
99,2013-08-28 00:00:00,co2,598.0
100,2013-08-28 01:00:00,co2,562.4833333333333
101,2013-08-28 02:00:00,co2,505.56388888888887
102,2013-08-28 03:00:00,co2,495.7138888888889
103,2013-08-28 04:00:00,co2,491.8041666666667
104,2013-08-28 05:00:00,co2,493.6361111111111
105,2013-08-28 06:00:00,co2,492.5541666666667
106,2013-08-28 07:00:00,co2,486.78194444444443
107,2013-08-28 08:00:00,co2,484.29126213592235
108,2013-08-28 09:00:00,co2,480.3375
109,2013-08-28 10:00:00,co2,478.65694444444443
110,2013-08-28 11:00:00,co2,476.5125
111,2013-08-28 12:00:00,co2,483.78472222222223
112,2013-08-28 13:00:00,co2,490.6847222222222
113,2013-08-28 14:00:00,co2,493.2861111111111
114,2013-08-28 15:00:00,co2,495.24305555555554
115,2013-08-28 16:00:00,co2,503.95694444444445
116,2013-08-28 17:00:00,co2,528.3208333333333
117,2013-08-28 18:00:00,co2,592.5277777777778
118,2013-08-28 19:00:00,co2,608.9375
119,2013-08-28 20:00:00,co2,611.0013888888889
120,2013-08-28 21:00:00,co2,627.3291666666667
121,2013-08-28 22:00:00,co2,691.8583333333333
122,2013-08-28 23:00:00,co2,638.0027777777777
123,2013-08-29 00:00:00,co2,619.675
124,2013-08-29 01:00:00,co2,591.475
125,2013-08-29 02:00:00,co2,529.6125
126,2013-08-29 03:00:00,co2,516.3194444444445
127,2013-08-29 04:00:00,co2,506.4263888888889
128,2013-08-29 05:00:00,co2,509.93888888888887
129,2013-08-29 06:00:00,co2,510.38055555555553
130,2013-08-29 07:00:00,co2,501.05
131,2013-08-29 08:00:00,co2,494.26666666666665
132,2013-08-29 09:00:00,co2,492.6111111111111
133,2013-08-29 10:00:00,co2,488.1625
134,2013-08-29 11:00:00,co2,485.54305555555555
135,2013-08-29 12:00:00,co2,488.1333333333333
136,2013-08-29 13:00:00,co2,489.025
137,2013-08-29 14:00:00,co2,492.46805555555557
138,2013-08-29 15:00:00,co2,498.18888888888887
139,2013-08-29 16:00:00,co2,513.0615141955836
140,2013-08-29 17:00:00,co2,615.2583333333333
141,2013-08-29 18:00:00,co2,721.8791666666667
142,2013-08-29 19:00:00,co2,644.0236111111111
143,2013-08-29 20:00:00,co2,744.8541666666666
144,2013-08-29 21:00:00,co2,778.9486111111111
145,2013-08-29 22:00:00,co2,821.8083333333333
146,2013-08-29 23:00:00,co2,662.6236111111111
147,2013-08-30 00:00:00,co2,639.1069444444445
148,2013-08-30 01:00:00,co2,604.9319444444444
149,2013-08-30 02:00:00,co2,573.6944444444445
150,2013-08-30 03:00:00,co2,532.1833333333333
151,2013-08-30 04:00:00,co2,536.3291666666667
152,2013-08-30 05:00:00,co2,531.5652777777777
153,2013-08-30 06:00:00,co2,527.3611111111111
154,2013-08-30 07:00:00,co2,528.5819444444444
155,2013-08-30 08:00:00,co2,517.8375
156,2013-08-30 09:00:00,co2,512.0597222222223
157,2013-08-30 10:00:00,co2,507.2888888888889
158,2013-08-30 11:00:00,co2,505.3875
159,2013-08-30 12:00:00,co2,508.7763888888889
160,2013-08-30 13:00:00,co2,510.6513888888889
161,2013-08-30 14:00:00,co2,510.27222222222224
162,2013-08-30 15:00:00,co2,517.0542420027816
163,2013-08-30 16:00:00,co2,544.1222222222223
164,2013-08-30 17:00:00,co2,617.6875
165,2013-08-30 18:00:00,co2,647.4125
166,2013-08-30 19:00:00,co2,692.4541666666667
167,2013-08-30 20:00:00,co2,708.65
168,2013-08-30 21:00:00,co2,690.8180555555556
169,2013-08-30 22:00:00,co2,644.7791666666667
170,2013-08-30 23:00:00,co2,594.5513888888889
171,2013-08-31 00:00:00,co2,565.8888888888889
172,2013-08-31 01:00:00,co2,547.0792767732962
173,2013-08-31 02:00:00,co2,546.9986091794159
174,2013-08-31 03:00:00,co2,539.0654596100278
175,2013-08-31 04:00:00,co2,530.2705718270572
176,2013-08-31 05:00:00,co2,539.2412831241284
177,2013-08-31 06:00:00,co2,540.6703910614525
178,2013-08-31 07:00:00,co2,531.5766016713092
179,2013-08-31 08:00:00,co2,524.2970711297071
180,2013-08-31 09:00:00,co2,518.8479776847978
181,2013-08-31 10:00:00,co2,508.9511854951185
182,2013-08-31 11:00:00,co2,505.36072423398326
183,2013-08-31 12:00:00,co2,501.8635097493036
184,2013-08-31 13:00:00,co2,496.3175487465181
185,2013-08-31 14:00:00,co2,502.6666666666667
186,2013-08-31 15:00:00,co2,497.72562674094706
187,2013-08-31 16:00:00,co2,495.8692628650904
188,2013-08-31 17:00:00,co2,498.9066852367688
189,2013-08-31 18:00:00,co2,507.2419928825623
190,2013-08-31 19:00:00,co2,
191,2013-08-31 20:00:00,co2,
192,2013-08-31 21:00:00,co2,
193,2013-08-31 22:00:00,co2,
194,2013-08-31 23:00:00,co2,
195,2013-09-01 00:00:00,co2,
196,2013-09-01 01:00:00,co2,
197,2013-09-01 02:00:00,co2,
198,2013-09-01 03:00:00,co2,
199,2013-09-01 04:00:00,co2,
200,2013-09-01 05:00:00,co2,
201,2013-09-01 06:00:00,co2,
202,2013-08-23 21:00:00,humidity,49.67172631578947
203,2013-08-23 22:00:00,humidity,49.12394863563403
204,2013-08-23 23:00:00,humidity,48.87185692541857
205,2013-08-24 00:00:00,humidity,48.72575
206,2013-08-24 01:00:00,humidity,48.67930555555555
207,2013-08-24 02:00:00,humidity,49.065083333333334
208,2013-08-24 03:00:00,humidity,49.75765277777778
209,2013-08-24 04:00:00,humidity,50.39409722222222
210,2013-08-24 05:00:00,humidity,50.85981944444445
211,2013-08-24 06:00:00,humidity,51.55913888888889
212,2013-08-24 07:00:00,humidity,52.15537500000001
213,2013-08-24 08:00:00,humidity,52.50145833333334
214,2013-08-24 09:00:00,humidity,52.76036111111111
215,2013-08-24 10:00:00,humidity,53.0112361111111
216,2013-08-24 11:00:00,humidity,53.489263888888885
217,2013-08-24 12:00:00,humidity,53.98034722222222
218,2013-08-24 13:00:00,humidity,54.355486111111105
219,2013-08-24 14:00:00,humidity,54.36525
220,2013-08-24 15:00:00,humidity,54.419027777777785
221,2013-08-24 16:00:00,humidity,54.31270833333333
222,2013-08-24 17:00:00,humidity,53.40091666666666
223,2013-08-24 18:00:00,humidity,52.757930555555554
224,2013-08-24 19:00:00,humidity,52.03543055555556
225,2013-08-24 20:00:00,humidity,51.47200000000001
226,2013-08-24 21:00:00,humidity,50.81677777777778
227,2013-08-24 22:00:00,humidity,50.17672222222222
228,2013-08-24 23:00:00,humidity,50.122236111111114
229,2013-08-25 00:00:00,humidity,50.59866666666667
230,2013-08-25 01:00:00,humidity,51.42111111111111
231,2013-08-25 02:00:00,humidity,52.2865
232,2013-08-25 03:00:00,humidity,53.16916666666667
233,2013-08-25 04:00:00,humidity,53.96977777777777
234,2013-08-25 05:00:00,humidity,54.42191666666667
235,2013-08-25 06:00:00,humidity,54.98572222222222
236,2013-08-25 07:00:00,humidity,55.68877947295423
237,2013-08-25 08:00:00,humidity,56.86944444444445
238,2013-08-25 09:00:00,humidity,57.74538888888889
239,2013-08-25 10:00:00,humidity,58.27247222222222
240,2013-08-25 11:00:00,humidity,58.67854166666667
241,2013-08-25 12:00:00,humidity,59.09876388888889
242,2013-08-25 13:00:00,humidity,59.431125
243,2013-08-25 14:00:00,humidity,59.714736111111115
244,2013-08-25 15:00:00,humidity,59.94991666666667
245,2013-08-25 16:00:00,humidity,60.186791666666664
246,2013-08-25 17:00:00,humidity,59.61906944444445
247,2013-08-25 18:00:00,humidity,58.264513888888885
248,2013-08-25 19:00:00,humidity,57.356027777777776
249,2013-08-25 20:00:00,humidity,56.410472222222225
250,2013-08-25 21:00:00,humidity,55.46168055555555
251,2013-08-25 22:00:00,humidity,54.53280555555556
252,2013-08-25 23:00:00,humidity,54.02466666666667
253,2013-08-26 00:00:00,humidity,54.13872222222222
254,2013-08-26 01:00:00,humidity,54.12283333333334
255,2013-08-26 02:00:00,humidity,54.561305555555556
256,2013-08-26 03:00:00,humidity,55.153055555555554
257,2013-08-26 04:00:00,humidity,55.525916666666674
258,2013-08-26 05:00:00,humidity,55.88897222222222
259,2013-08-26 06:00:00,humidity,55.89006944444444
260,2013-08-26 07:00:00,humidity,55.61965277777778
261,2013-08-26 08:00:00,humidity,55.684875
262,2013-08-26 09:00:00,humidity,55.725680555555556
263,2013-08-26 10:00:00,humidity,55.84563888888889
264,2013-08-26 11:00:00,humidity,55.84940111420613
265,2013-08-26 12:00:00,humidity,55.912277777777774
266,2013-08-26 13:00:00,humidity,55.99634722222223
267,2013-08-26 14:00:00,humidity,55.89605113636364
268,2013-08-26 15:00:00,humidity,55.025513888888895
269,2013-08-26 16:00:00,humidity,55.277430555555554
270,2013-08-26 17:00:00,humidity,54.77566063977746
271,2013-08-26 18:00:00,humidity,54.36208333333333
272,2013-08-26 19:00:00,humidity,54.275055555555554
273,2013-08-26 20:00:00,humidity,54.22431944444445
274,2013-08-26 21:00:00,humidity,52.723388888888884
275,2013-08-26 22:00:00,humidity,51.50566666666667
276,2013-08-26 23:00:00,humidity,51.059875
277,2013-08-27 00:00:00,humidity,50.932874999999996
278,2013-08-27 01:00:00,humidity,51.18606944444445
279,2013-08-27 02:00:00,humidity,51.47213888888889
280,2013-08-27 03:00:00,humidity,52.44051532033426
281,2013-08-27 04:00:00,humidity,52.33557880055788
282,2013-08-27 05:00:00,humidity,52.63034722222222
283,2013-08-27 06:00:00,humidity,53.15976388888889
284,2013-08-27 07:00:00,humidity,54.06855354659249
285,2013-08-27 08:00:00,humidity,55.62462395543175
286,2013-08-27 09:00:00,humidity,56.600167364016734
287,2013-08-27 10:00:00,humidity,55.09417827298051
288,2013-08-27 11:00:00,humidity,53.05012517385257
289,2013-08-27 12:00:00,humidity,52.74301388888889
290,2013-08-27 13:00:00,humidity,51.80706536856745
291,2013-08-27 14:00:00,humidity,50.78827538247565
292,2013-08-27 15:00:00,humidity,50.00516666666667
293,2013-08-27 16:00:00,humidity,50.05670850767085
294,2013-08-27 17:00:00,humidity,50.20298050139275
295,2013-08-27 18:00:00,humidity,49.825857142857146
296,2013-08-27 19:00:00,humidity,
297,2013-08-27 20:00:00,humidity,
298,2013-08-27 21:00:00,humidity,
299,2013-08-27 22:00:00,humidity,
300,2013-08-27 23:00:00,humidity,52.43336322869955
301,2013-08-28 00:00:00,humidity,52.90258333333333
302,2013-08-28 01:00:00,humidity,52.99854166666666
303,2013-08-28 02:00:00,humidity,53.63826388888889
304,2013-08-28 03:00:00,humidity,54.73927777777778
305,2013-08-28 04:00:00,humidity,56.13363888888889
306,2013-08-28 05:00:00,humidity,57.257374999999996
307,2013-08-28 06:00:00,humidity,57.77513888888889
308,2013-08-28 07:00:00,humidity,58.29448611111111
309,2013-08-28 08:00:00,humidity,58.724375
310,2013-08-28 09:00:00,humidity,59.06372222222222
311,2013-08-28 10:00:00,humidity,59.524902777777775
312,2013-08-28 11:00:00,humidity,59.92154166666667
313,2013-08-28 12:00:00,humidity,59.64923611111111
314,2013-08-28 13:00:00,humidity,57.48340277777778
315,2013-08-28 14:00:00,humidity,55.69893055555556
316,2013-08-28 15:00:00,humidity,55.816875
317,2013-08-28 16:00:00,humidity,56.06940277777778
318,2013-08-28 17:00:00,humidity,55.581402777777775
319,2013-08-28 18:00:00,humidity,54.16977808599168
320,2013-08-28 19:00:00,humidity,53.383
321,2013-08-28 20:00:00,humidity,53.334500000000006
322,2013-08-28 21:00:00,humidity,53.374556962025316
323,2013-08-28 22:00:00,humidity,53.969833333333334
324,2013-08-28 23:00:00,humidity,54.296875
325,2013-08-29 00:00:00,humidity,54.57533333333333
326,2013-08-29 01:00:00,humidity,54.81952777777777
327,2013-08-29 02:00:00,humidity,55.45688888888889
328,2013-08-29 03:00:00,humidity,56.31308333333333
329,2013-08-29 04:00:00,humidity,56.77226388888889
330,2013-08-29 05:00:00,humidity,57.286569444444446
331,2013-08-29 06:00:00,humidity,57.57015277777778
332,2013-08-29 07:00:00,humidity,57.825874999999996
333,2013-08-29 08:00:00,humidity,58.187555555555555
334,2013-08-29 09:00:00,humidity,58.319541666666666
335,2013-08-29 10:00:00,humidity,58.48766666666667
336,2013-08-29 11:00:00,humidity,58.613875
337,2013-08-29 12:00:00,humidity,58.57418055555555
338,2013-08-29 13:00:00,humidity,58.49327777777777
339,2013-08-29 14:00:00,humidity,58.50215277777778
340,2013-08-29 15:00:00,humidity,58.51586111111111
341,2013-08-29 16:00:00,humidity,58.57300632911392
342,2013-08-29 17:00:00,humidity,58.806777777777775
343,2013-08-29 18:00:00,humidity,57.758750000000006
344,2013-08-29 19:00:00,humidity,56.365916666666664
345,2013-08-29 20:00:00,humidity,55.79063888888889
346,2013-08-29 21:00:00,humidity,54.90068055555555
347,2013-08-29 22:00:00,humidity,54.60308333333334
348,2013-08-29 23:00:00,humidity,54.386319444444446
349,2013-08-30 00:00:00,humidity,54.75702777777777
350,2013-08-30 01:00:00,humidity,54.858916666666666
351,2013-08-30 02:00:00,humidity,55.171486111111115
352,2013-08-30 03:00:00,humidity,56.06272222222222
353,2013-08-30 04:00:00,humidity,56.66763888888889
354,2013-08-30 05:00:00,humidity,57.18873611111111
355,2013-08-30 06:00:00,humidity,57.54504166666667
356,2013-08-30 07:00:00,humidity,57.72886111111111
357,2013-08-30 08:00:00,humidity,58.077444444444446
358,2013-08-30 09:00:00,humidity,58.48492176386913
359,2013-08-30 10:00:00,humidity,58.86593055555556
360,2013-08-30 11:00:00,humidity,59.21925
361,2013-08-30 12:00:00,humidity,59.13425797503468
362,2013-08-30 13:00:00,humidity,58.72954166666666
363,2013-08-30 14:00:00,humidity,58.811529902642555
364,2013-08-30 15:00:00,humidity,58.83691666666667
365,2013-08-30 16:00:00,humidity,58.54034770514604
366,2013-08-30 17:00:00,humidity,56.72327777777778
367,2013-08-30 18:00:00,humidity,54.60005555555556
368,2013-08-30 19:00:00,humidity,53.66669444444444
369,2013-08-30 20:00:00,humidity,52.90608333333333
370,2013-08-30 21:00:00,humidity,52.822847222222215
371,2013-08-30 22:00:00,humidity,52.51506944444444
372,2013-08-30 23:00:00,humidity,53.24904166666666
373,2013-08-31 00:00:00,humidity,53.926763888888885
374,2013-08-31 01:00:00,humidity,54.04786111111111
375,2013-08-31 02:00:00,humidity,53.93611961057024
376,2013-08-31 03:00:00,humidity,54.12351388888889
377,2013-08-31 04:00:00,humidity,54.68038942976356
378,2013-08-31 05:00:00,humidity,55.141375000000004
379,2013-08-31 06:00:00,humidity,55.31923611111111
380,2013-08-31 07:00:00,humidity,55.49780250347705
381,2013-08-31 08:00:00,humidity,55.77802777777778
382,2013-08-31 09:00:00,humidity,55.96974930362117
383,2013-08-31 10:00:00,humidity,56.03391666666666
384,2013-08-31 11:00:00,humidity,56.01184722222222
385,2013-08-31 12:00:00,humidity,56.016305555555554
386,2013-08-31 13:00:00,humidity,56.32774687065369
387,2013-08-31 14:00:00,humidity,56.95055555555556
388,2013-08-31 15:00:00,humidity,56.813073654390934
389,2013-08-31 16:00:00,humidity,56.376666666666665
390,2013-08-31 17:00:00,humidity,55.331406685236765
391,2013-08-31 18:00:00,humidity,54.4185
392,2013-08-31 19:00:00,humidity,
393,2013-08-31 20:00:00,humidity,
394,2013-08-31 21:00:00,humidity,
395,2013-08-31 22:00:00,humidity,
396,2013-08-31 23:00:00,humidity,
397,2013-09-01 00:00:00,humidity,
398,2013-09-01 01:00:00,humidity,
399,2013-09-01 02:00:00,humidity,
400,2013-09-01 03:00:00,humidity,
401,2013-09-01 04:00:00,humidity,
402,2013-09-01 05:00:00,humidity,
403,2013-09-01 06:00:00,humidity,
404,2013-08-23 21:00:00,light,132.48631578947368
405,2013-08-23 22:00:00,light,118.8314606741573
406,2013-08-23 23:00:00,light,96.76864535768645
407,2013-08-24 00:00:00,light,73.19027777777778
408,2013-08-24 01:00:00,light,48.36388888888889
409,2013-08-24 02:00:00,light,19.552777777777777
410,2013-08-24 03:00:00,light,4.325
411,2013-08-24 04:00:00,light,4.204166666666667
412,2013-08-24 05:00:00,light,4.180555555555555
413,2013-08-24 06:00:00,light,4.2375
414,2013-08-24 07:00:00,light,4.104166666666667
415,2013-08-24 08:00:00,light,4.163888888888889
416,2013-08-24 09:00:00,light,4.059722222222222
417,2013-08-24 10:00:00,light,4.066666666666666
418,2013-08-24 11:00:00,light,4.036111111111111
419,2013-08-24 12:00:00,light,7.8069444444444445
420,2013-08-24 13:00:00,light,8.102777777777778
421,2013-08-24 14:00:00,light,10.722222222222221
422,2013-08-24 15:00:00,light,24.0
423,2013-08-24 16:00:00,light,122.27083333333333
424,2013-08-24 17:00:00,light,106.12916666666666
425,2013-08-24 18:00:00,light,65.66388888888889
426,2013-08-24 19:00:00,light,53.58611111111111
427,2013-08-24 20:00:00,light,71.95138888888889
428,2013-08-24 21:00:00,light,93.50833333333334
429,2013-08-24 22:00:00,light,97.56944444444444
430,2013-08-24 23:00:00,light,96.85277777777777
431,2013-08-25 00:00:00,light,63.15138888888889
432,2013-08-25 01:00:00,light,39.97083333333333
433,2013-08-25 02:00:00,light,13.052777777777777
434,2013-08-25 03:00:00,light,4.283333333333333
435,2013-08-25 04:00:00,light,4.305555555555555
436,2013-08-25 05:00:00,light,4.315277777777778
437,2013-08-25 06:00:00,light,4.154166666666667
438,2013-08-25 07:00:00,light,4.323162274618586
439,2013-08-25 08:00:00,light,4.270833333333333
440,2013-08-25 09:00:00,light,4.215277777777778
441,2013-08-25 10:00:00,light,4.275
442,2013-08-25 11:00:00,light,4.476388888888889
443,2013-08-25 12:00:00,light,7.8375
444,2013-08-25 13:00:00,light,7.958333333333333
445,2013-08-25 14:00:00,light,7.0472222222222225
446,2013-08-25 15:00:00,light,16.418055555555554
447,2013-08-25 16:00:00,light,39.92638888888889
448,2013-08-25 17:00:00,light,82.49861111111112
449,2013-08-25 18:00:00,light,62.55416666666667
450,2013-08-25 19:00:00,light,54.52777777777778
451,2013-08-25 20:00:00,light,70.85694444444445
452,2013-08-25 21:00:00,light,88.60416666666667
453,2013-08-25 22:00:00,light,107.15416666666667
454,2013-08-25 23:00:00,light,81.1375
455,2013-08-26 00:00:00,light,61.84861111111111
456,2013-08-26 01:00:00,light,53.25
457,2013-08-26 02:00:00,light,24.83888888888889
458,2013-08-26 03:00:00,light,4.733333333333333
459,2013-08-26 04:00:00,light,4.141666666666667
460,2013-08-26 05:00:00,light,7.6375
461,2013-08-26 06:00:00,light,7.7972222222222225
462,2013-08-26 07:00:00,light,5.298611111111111
463,2013-08-26 08:00:00,light,7.913888888888889
464,2013-08-26 09:00:00,light,7.65
465,2013-08-26 10:00:00,light,7.820833333333334
466,2013-08-26 11:00:00,light,7.796657381615599
467,2013-08-26 12:00:00,light,6.648611111111111
468,2013-08-26 13:00:00,light,8.140277777777778
469,2013-08-26 14:00:00,light,10.803977272727273
470,2013-08-26 15:00:00,light,22.055555555555557
471,2013-08-26 16:00:00,light,55.65833333333333
472,2013-08-26 17:00:00,light,50.133518776077885
473,2013-08-26 18:00:00,light,67.08611111111111
474,2013-08-26 19:00:00,light,77.12083333333334
475,2013-08-26 20:00:00,light,99.96666666666667
476,2013-08-26 21:00:00,light,127.9375
477,2013-08-26 22:00:00,light,119.3125
478,2013-08-26 23:00:00,light,108.24305555555556
479,2013-08-27 00:00:00,light,77.30694444444444
480,2013-08-27 01:00:00,light,50.87638888888889
481,2013-08-27 02:00:00,light,22.040277777777778
482,2013-08-27 03:00:00,light,7.1754874651810585
483,2013-08-27 04:00:00,light,6.933054393305439
484,2013-08-27 05:00:00,light,7.025
485,2013-08-27 06:00:00,light,4.513888888888889
486,2013-08-27 07:00:00,light,3.6995827538247568
487,2013-08-27 08:00:00,light,3.7284122562674096
488,2013-08-27 09:00:00,light,3.7252440725244074
489,2013-08-27 10:00:00,light,3.7270194986072425
490,2013-08-27 11:00:00,light,6.464534075104312
491,2013-08-27 12:00:00,light,7.027777777777778
492,2013-08-27 13:00:00,light,5.698191933240612
493,2013-08-27 14:00:00,light,18.507649513212794
494,2013-08-27 15:00:00,light,28.71527777777778
495,2013-08-27 16:00:00,light,127.49511854951186
496,2013-08-27 17:00:00,light,109.42339832869081
497,2013-08-27 18:00:00,light,81.92857142857143
498,2013-08-27 19:00:00,light,
499,2013-08-27 20:00:00,light,
500,2013-08-27 21:00:00,light,
501,2013-08-27 22:00:00,light,
502,2013-08-27 23:00:00,light,104.60089686098655
503,2013-08-28 00:00:00,light,77.36944444444444
504,2013-08-28 01:00:00,light,51.15277777777778
505,2013-08-28 02:00:00,light,20.427777777777777
506,2013-08-28 03:00:00,light,7.148611111111111
507,2013-08-28 04:00:00,light,4.3277777777777775
508,2013-08-28 05:00:00,light,3.886111111111111
509,2013-08-28 06:00:00,light,3.897222222222222
510,2013-08-28 07:00:00,light,3.7888888888888888
511,2013-08-28 08:00:00,light,3.761111111111111
512,2013-08-28 09:00:00,light,3.8444444444444446
513,2013-08-28 10:00:00,light,3.813888888888889
514,2013-08-28 11:00:00,light,6.620833333333334
515,2013-08-28 12:00:00,light,7.156944444444444
516,2013-08-28 13:00:00,light,5.0055555555555555
517,2013-08-28 14:00:00,light,12.5625
518,2013-08-28 15:00:00,light,25.50138888888889
519,2013-08-28 16:00:00,light,104.16111111111111
520,2013-08-28 17:00:00,light,111.72361111111111
521,2013-08-28 18:00:00,light,70.32038834951456
522,2013-08-28 19:00:00,light,59.643055555555556
523,2013-08-28 20:00:00,light,74.86666666666666
524,2013-08-28 21:00:00,light,103.04078762306611
525,2013-08-28 22:00:00,light,123.22361111111111
526,2013-08-28 23:00:00,light,91.6
527,2013-08-29 00:00:00,light,79.90555555555555
528,2013-08-29 01:00:00,light,36.09166666666667
529,2013-08-29 02:00:00,light,6.076388888888889
530,2013-08-29 03:00:00,light,4.268055555555556
531,2013-08-29 04:00:00,light,4.1930555555555555
532,2013-08-29 05:00:00,light,4.263888888888889
533,2013-08-29 06:00:00,light,4.272222222222222
534,2013-08-29 07:00:00,light,4.331944444444445
535,2013-08-29 08:00:00,light,4.261111111111111
536,2013-08-29 09:00:00,light,4.1819444444444445
537,2013-08-29 10:00:00,light,4.206944444444445
538,2013-08-29 11:00:00,light,5.427777777777778
539,2013-08-29 12:00:00,light,7.604166666666667
540,2013-08-29 13:00:00,light,6.948611111111111
541,2013-08-29 14:00:00,light,11.04861111111111
542,2013-08-29 15:00:00,light,18.469444444444445
543,2013-08-29 16:00:00,light,27.1123417721519
544,2013-08-29 17:00:00,light,62.416666666666664
545,2013-08-29 18:00:00,light,90.41527777777777
546,2013-08-29 19:00:00,light,61.09861111111111
547,2013-08-29 20:00:00,light,93.0625
548,2013-08-29 21:00:00,light,125.18611111111112
549,2013-08-29 22:00:00,light,140.85416666666666
550,2013-08-29 23:00:00,light,107.99861111111112
551,2013-08-30 00:00:00,light,84.88194444444444
552,2013-08-30 01:00:00,light,48.56527777777778
553,2013-08-30 02:00:00,light,14.370833333333334
554,2013-08-30 03:00:00,light,4.408333333333333
555,2013-08-30 04:00:00,light,4.127777777777778
556,2013-08-30 05:00:00,light,4.279166666666667
557,2013-08-30 06:00:00,light,4.1875
558,2013-08-30 07:00:00,light,4.248611111111111
559,2013-08-30 08:00:00,light,4.2444444444444445
560,2013-08-30 09:00:00,light,4.200568990042674
561,2013-08-30 10:00:00,light,4.144444444444445
562,2013-08-30 11:00:00,light,7.575
563,2013-08-30 12:00:00,light,7.651872399445215
564,2013-08-30 13:00:00,light,4.825
565,2013-08-30 14:00:00,light,17.8442280945758
566,2013-08-30 15:00:00,light,37.80972222222222
567,2013-08-30 16:00:00,light,130.84283727399165
568,2013-08-30 17:00:00,light,123.65277777777777
569,2013-08-30 18:00:00,light,66.42777777777778
570,2013-08-30 19:00:00,light,87.13333333333334
571,2013-08-30 20:00:00,light,104.86944444444444
572,2013-08-30 21:00:00,light,130.25555555555556
573,2013-08-30 22:00:00,light,135.50694444444446
574,2013-08-30 23:00:00,light,95.80694444444444
575,2013-08-31 00:00:00,light,68.525
576,2013-08-31 01:00:00,light,47.12777777777778
577,2013-08-31 02:00:00,light,13.92489568845619
578,2013-08-31 03:00:00,light,4.220833333333333
579,2013-08-31 04:00:00,light,4.201668984700974
580,2013-08-31 05:00:00,light,4.3180555555555555
581,2013-08-31 06:00:00,light,4.1402777777777775
582,2013-08-31 07:00:00,light,4.057023643949931
583,2013-08-31 08:00:00,light,4.2125
584,2013-08-31 09:00:00,light,4.132311977715878
585,2013-08-31 10:00:00,light,4.163888888888889
586,2013-08-31 11:00:00,light,4.034722222222222
587,2013-08-31 12:00:00,light,4.016666666666667
588,2013-08-31 13:00:00,light,4.438108484005563
589,2013-08-31 14:00:00,light,10.322222222222223
590,2013-08-31 15:00:00,light,29.497167138810198
591,2013-08-31 16:00:00,light,125.7768479776848
592,2013-08-31 17:00:00,light,107.79387186629526
593,2013-08-31 18:00:00,light,70.48928571428571
594,2013-08-31 19:00:00,light,
595,2013-08-31 20:00:00,light,
596,2013-08-31 21:00:00,light,
597,2013-08-31 22:00:00,light,
598,2013-08-31 23:00:00,light,
599,2013-09-01 00:00:00,light,
600,2013-09-01 01:00:00,light,
601,2013-09-01 02:00:00,light,
602,2013-09-01 03:00:00,light,
603,2013-09-01 04:00:00,light,
604,2013-09-01 05:00:00,light,
605,2013-09-01 06:00:00,light,
606,2013-08-23 21:00:00,pir,
607,2013-08-23 22:00:00,pir,0.0
608,2013-08-23 23:00:00,pir,0.0
609,2013-08-24 00:00:00,pir,0.0
610,2013-08-24 01:00:00,pir,0.0
611,2013-08-24 02:00:00,pir,0.0
612,2013-08-24 03:00:00,pir,0.0
613,2013-08-24 04:00:00,pir,0.0
614,2013-08-24 05:00:00,pir,0.0
615,2013-08-24 06:00:00,pir,0.0
616,2013-08-24 07:00:00,pir,0.0
617,2013-08-24 08:00:00,pir,0.0
618,2013-08-24 09:00:00,pir,0.0
619,2013-08-24 10:00:00,pir,0.0
620,2013-08-24 11:00:00,pir,0.0
621,2013-08-24 12:00:00,pir,0.0
622,2013-08-24 13:00:00,pir,0.0
623,2013-08-24 14:00:00,pir,0.0
624,2013-08-24 15:00:00,pir,0.0
625,2013-08-24 16:00:00,pir,0.0
626,2013-08-24 17:00:00,pir,0.0
627,2013-08-24 18:00:00,pir,0.0
628,2013-08-24 19:00:00,pir,0.0
629,2013-08-24 20:00:00,pir,0.0
630,2013-08-24 21:00:00,pir,0.0
631,2013-08-24 22:00:00,pir,0.0
632,2013-08-24 23:00:00,pir,0.0
633,2013-08-25 00:00:00,pir,0.0
634,2013-08-25 01:00:00,pir,0.0
635,2013-08-25 02:00:00,pir,2.002724795640327
636,2013-08-25 03:00:00,pir,0.0
637,2013-08-25 04:00:00,pir,0.0
638,2013-08-25 05:00:00,pir,0.0
639,2013-08-25 06:00:00,pir,0.0
640,2013-08-25 07:00:00,pir,0.0
641,2013-08-25 08:00:00,pir,0.0
642,2013-08-25 09:00:00,pir,0.0
643,2013-08-25 10:00:00,pir,0.0
644,2013-08-25 11:00:00,pir,0.0
645,2013-08-25 12:00:00,pir,0.0
646,2013-08-25 13:00:00,pir,0.0
647,2013-08-25 14:00:00,pir,0.0
648,2013-08-25 15:00:00,pir,0.0
649,2013-08-25 16:00:00,pir,0.0
650,2013-08-25 17:00:00,pir,0.0
651,2013-08-25 18:00:00,pir,0.0
652,2013-08-25 19:00:00,pir,0.0
653,2013-08-25 20:00:00,pir,0.0
654,2013-08-25 21:00:00,pir,0.0
655,2013-08-25 22:00:00,pir,0.0
656,2013-08-25 23:00:00,pir,1.7506849315068493
657,2013-08-26 00:00:00,pir,1.703601108033241
658,2013-08-26 01:00:00,pir,0.0
659,2013-08-26 02:00:00,pir,0.0
660,2013-08-26 03:00:00,pir,0.0
661,2013-08-26 04:00:00,pir,0.0
662,2013-08-26 05:00:00,pir,0.0
663,2013-08-26 06:00:00,pir,0.0
664,2013-08-26 07:00:00,pir,0.0
665,2013-08-26 08:00:00,pir,0.0
666,2013-08-26 09:00:00,pir,0.0
667,2013-08-26 10:00:00,pir,0.0
668,2013-08-26 11:00:00,pir,0.0
669,2013-08-26 12:00:00,pir,0.0
670,2013-08-26 13:00:00,pir,0.0
671,2013-08-26 14:00:00,pir,0.0
672,2013-08-26 15:00:00,pir,0.7894736842105263
673,2013-08-26 16:00:00,pir,2.184065934065934
674,2013-08-26 17:00:00,pir,0.0
675,2013-08-26 18:00:00,pir,0.0
676,2013-08-26 19:00:00,pir,6.723785166240409
677,2013-08-26 20:00:00,pir,10.889447236180905
678,2013-08-26 21:00:00,pir,12.929742388758783
679,2013-08-26 22:00:00,pir,0.0
680,2013-08-26 23:00:00,pir,0.0
681,2013-08-27 00:00:00,pir,0.0
682,2013-08-27 01:00:00,pir,0.0
683,2013-08-27 02:00:00,pir,0.0
684,2013-08-27 03:00:00,pir,0.0
685,2013-08-27 04:00:00,pir,0.0
686,2013-08-27 05:00:00,pir,0.0
687,2013-08-27 06:00:00,pir,0.0
688,2013-08-27 07:00:00,pir,0.0
689,2013-08-27 08:00:00,pir,0.0
690,2013-08-27 09:00:00,pir,0.0
691,2013-08-27 10:00:00,pir,0.0
692,2013-08-27 11:00:00,pir,0.0
693,2013-08-27 12:00:00,pir,0.0
694,2013-08-27 13:00:00,pir,0.0
695,2013-08-27 14:00:00,pir,0.0
696,2013-08-27 15:00:00,pir,0.0
697,2013-08-27 16:00:00,pir,0.0
698,2013-08-27 17:00:00,pir,0.0
699,2013-08-27 18:00:00,pir,2.6324324324324326
700,2013-08-27 19:00:00,pir,0.0
701,2013-08-27 20:00:00,pir,0.0
702,2013-08-27 21:00:00,pir,15.590128755364807
703,2013-08-27 22:00:00,pir,0.1
704,2013-08-27 23:00:00,pir,0.0
705,2013-08-28 00:00:00,pir,0.0
706,2013-08-28 01:00:00,pir,0.0
707,2013-08-28 02:00:00,pir,0.0
708,2013-08-28 03:00:00,pir,0.0
709,2013-08-28 04:00:00,pir,0.0
710,2013-08-28 05:00:00,pir,0.0
711,2013-08-28 06:00:00,pir,0.0
712,2013-08-28 07:00:00,pir,0.0
713,2013-08-28 08:00:00,pir,0.0
714,2013-08-28 09:00:00,pir,0.0
715,2013-08-28 10:00:00,pir,0.0
716,2013-08-28 11:00:00,pir,0.0
717,2013-08-28 12:00:00,pir,0.0
718,2013-08-28 13:00:00,pir,0.0
719,2013-08-28 14:00:00,pir,0.0
720,2013-08-28 15:00:00,pir,0.0
721,2013-08-28 16:00:00,pir,0.0
722,2013-08-28 17:00:00,pir,0.0
723,2013-08-28 18:00:00,pir,0.0
724,2013-08-28 19:00:00,pir,0.0
725,2013-08-28 20:00:00,pir,0.0
726,2013-08-28 21:00:00,pir,0.0
727,2013-08-28 22:00:00,pir,9.116710875331565
728,2013-08-28 23:00:00,pir,5.135678391959799
729,2013-08-29 00:00:00,pir,0.027777777777777776
730,2013-08-29 01:00:00,pir,0.0
731,2013-08-29 02:00:00,pir,0.0
732,2013-08-29 03:00:00,pir,0.0
733,2013-08-29 04:00:00,pir,0.0
734,2013-08-29 05:00:00,pir,0.0
735,2013-08-29 06:00:00,pir,2.160326086956522
736,2013-08-29 07:00:00,pir,0.0
737,2013-08-29 08:00:00,pir,0.0
738,2013-08-29 09:00:00,pir,0.0
739,2013-08-29 10:00:00,pir,0.0
740,2013-08-29 11:00:00,pir,0.0
741,2013-08-29 12:00:00,pir,0.0
742,2013-08-29 13:00:00,pir,0.0
743,2013-08-29 14:00:00,pir,0.0
744,2013-08-29 15:00:00,pir,0.0
745,2013-08-29 16:00:00,pir,0.0
746,2013-08-29 17:00:00,pir,15.527083333333334
747,2013-08-29 18:00:00,pir,9.231527093596059
748,2013-08-29 19:00:00,pir,1.8082191780821917
749,2013-08-29 20:00:00,pir,0.041666666666666664
750,2013-08-29 21:00:00,pir,13.01965601965602
751,2013-08-29 22:00:00,pir,15.615
752,2013-08-29 23:00:00,pir,1.5331491712707181
753,2013-08-30 00:00:00,pir,7.319512195121951
754,2013-08-30 01:00:00,pir,0.0
755,2013-08-30 02:00:00,pir,0.0
756,2013-08-30 03:00:00,pir,0.0
757,2013-08-30 04:00:00,pir,0.0
758,2013-08-30 05:00:00,pir,0.0
759,2013-08-30 06:00:00,pir,0.0
760,2013-08-30 07:00:00,pir,0.0
761,2013-08-30 08:00:00,pir,0.0
762,2013-08-30 09:00:00,pir,0.0
763,2013-08-30 10:00:00,pir,0.0
764,2013-08-30 11:00:00,pir,0.0
765,2013-08-30 12:00:00,pir,0.0
766,2013-08-30 13:00:00,pir,0.0
767,2013-08-30 14:00:00,pir,0.0
768,2013-08-30 15:00:00,pir,0.0
769,2013-08-30 16:00:00,pir,0.0
770,2013-08-30 17:00:00,pir,1.6115702479338843
771,2013-08-30 18:00:00,pir,0.0
772,2013-08-30 19:00:00,pir,19.565552699228792
773,2013-08-30 20:00:00,pir,10.984810126582278
774,2013-08-30 21:00:00,pir,9.69836956521739
775,2013-08-30 22:00:00,pir,11.050970873786408
776,2013-08-30 23:00:00,pir,0.0
777,2013-08-31 00:00:00,pir,0.0
778,2013-08-31 01:00:00,pir,0.0
779,2013-08-31 02:00:00,pir,0.0
780,2013-08-31 03:00:00,pir,0.0
781,2013-08-31 04:00:00,pir,0.0
782,2013-08-31 05:00:00,pir,0.0
783,2013-08-31 06:00:00,pir,0.0
784,2013-08-31 07:00:00,pir,0.0
785,2013-08-31 08:00:00,pir,0.0
786,2013-08-31 09:00:00,pir,0.0
787,2013-08-31 10:00:00,pir,0.0
788,2013-08-31 11:00:00,pir,0.0
789,2013-08-31 12:00:00,pir,0.0
790,2013-08-31 13:00:00,pir,0.0
791,2013-08-31 14:00:00,pir,0.0
792,2013-08-31 15:00:00,pir,0.0
793,2013-08-31 16:00:00,pir,0.0
794,2013-08-31 17:00:00,pir,0.0
795,2013-08-31 18:00:00,pir,0.0
796,2013-08-31 19:00:00,pir,0.0
797,2013-08-31 20:00:00,pir,0.0
798,2013-08-31 21:00:00,pir,0.0
799,2013-08-31 22:00:00,pir,0.0
800,2013-08-31 23:00:00,pir,0.0
801,2013-09-01 00:00:00,pir,0.0
802,2013-09-01 01:00:00,pir,0.0
803,2013-09-01 02:00:00,pir,0.0
804,2013-09-01 03:00:00,pir,0.0
805,2013-09-01 04:00:00,pir,0.0
806,2013-09-01 05:00:00,pir,0.0
807,2013-09-01 06:00:00,pir,2.196132596685083
808,2013-08-23 21:00:00,temperature,24.336694736842105
809,2013-08-23 22:00:00,temperature,24.5315569823435
810,2013-08-23 23:00:00,temperature,24.624292237442923
811,2013-08-24 00:00:00,temperature,24.58666666666667
812,2013-08-24 01:00:00,temperature,24.454833333333333
813,2013-08-24 02:00:00,temperature,24.210625
814,2013-08-24 03:00:00,temperature,23.91234722222222
815,2013-08-24 04:00:00,temperature,23.67936111111111
816,2013-08-24 05:00:00,temperature,23.429777777777776
817,2013-08-24 06:00:00,temperature,23.20925
818,2013-08-24 07:00:00,temperature,23.04501388888889
819,2013-08-24 08:00:00,temperature,22.900916666666667
820,2013-08-24 09:00:00,temperature,22.74851388888889
821,2013-08-24 10:00:00,temperature,22.60673611111111
822,2013-08-24 11:00:00,temperature,22.486874999999998
823,2013-08-24 12:00:00,temperature,22.398152777777778
824,2013-08-24 13:00:00,temperature,22.339180555555554
825,2013-08-24 14:00:00,temperature,22.294541666666667
826,2013-08-24 15:00:00,temperature,22.31073611111111
827,2013-08-24 16:00:00,temperature,22.545791666666666
828,2013-08-24 17:00:00,temperature,23.18911111111111
829,2013-08-24 18:00:00,temperature,23.848194444444445
830,2013-08-24 19:00:00,temperature,24.369819444444445
831,2013-08-24 20:00:00,temperature,24.563902777777777
832,2013-08-24 21:00:00,temperature,24.78997222222222
833,2013-08-24 22:00:00,temperature,25.006583333333335
834,2013-08-24 23:00:00,temperature,24.983736111111114
835,2013-08-25 00:00:00,temperature,24.864319444444448
836,2013-08-25 01:00:00,temperature,24.622263888888888
837,2013-08-25 02:00:00,temperature,24.31918055555556
838,2013-08-25 03:00:00,temperature,24.037736111111112
839,2013-08-25 04:00:00,temperature,23.804902777777777
840,2013-08-25 05:00:00,temperature,23.630041666666667
841,2013-08-25 06:00:00,temperature,23.444083333333335
842,2013-08-25 07:00:00,temperature,23.273398058252425
843,2013-08-25 08:00:00,temperature,23.178069444444443
844,2013-08-25 09:00:00,temperature,23.087763888888887
845,2013-08-25 10:00:00,temperature,23.031569444444443
846,2013-08-25 11:00:00,temperature,22.97895833333333
847,2013-08-25 12:00:00,temperature,22.930652777777777
848,2013-08-25 13:00:00,temperature,22.912305555555555
849,2013-08-25 14:00:00,temperature,22.891791666666666
850,2013-08-25 15:00:00,temperature,22.867
851,2013-08-25 16:00:00,temperature,22.873250000000002
852,2013-08-25 17:00:00,temperature,23.201055555555552
853,2013-08-25 18:00:00,temperature,23.705041666666666
854,2013-08-25 19:00:00,temperature,24.07651388888889
855,2013-08-25 20:00:00,temperature,24.372333333333337
856,2013-08-25 21:00:00,temperature,24.674847222222223
857,2013-08-25 22:00:00,temperature,24.97215277777778
858,2013-08-25 23:00:00,temperature,24.993958333333335
859,2013-08-26 00:00:00,temperature,24.898138888888887
860,2013-08-26 01:00:00,temperature,24.718458333333334
861,2013-08-26 02:00:00,temperature,24.478680555555556
862,2013-08-26 03:00:00,temperature,24.23731944444444
863,2013-08-26 04:00:00,temperature,23.986194444444447
864,2013-08-26 05:00:00,temperature,23.751069444444447
865,2013-08-26 06:00:00,temperature,23.63186111111111
866,2013-08-26 07:00:00,temperature,23.509
867,2013-08-26 08:00:00,temperature,23.390916666666666
868,2013-08-26 09:00:00,temperature,23.30048611111111
869,2013-08-26 10:00:00,temperature,23.21586111111111
870,2013-08-26 11:00:00,temperature,23.1274930362117
871,2013-08-26 12:00:00,temperature,23.18048611111111
872,2013-08-26 13:00:00,temperature,23.395805555555555
873,2013-08-26 14:00:00,temperature,23.35147727272727
874,2013-08-26 15:00:00,temperature,23.39315277777778
875,2013-08-26 16:00:00,temperature,23.31945833333333
876,2013-08-26 17:00:00,temperature,23.257663421418634
877,2013-08-26 18:00:00,temperature,23.41091666666667
878,2013-08-26 19:00:00,temperature,23.733874999999998
879,2013-08-26 20:00:00,temperature,24.39238888888889
880,2013-08-26 21:00:00,temperature,24.861194444444447
881,2013-08-26 22:00:00,temperature,24.790638888888886
882,2013-08-26 23:00:00,temperature,24.701055555555552
883,2013-08-27 00:00:00,temperature,24.642083333333332
884,2013-08-27 01:00:00,temperature,24.494847222222223
885,2013-08-27 02:00:00,temperature,24.246708333333334
886,2013-08-27 03:00:00,temperature,23.901977715877436
887,2013-08-27 04:00:00,temperature,23.46426778242678
888,2013-08-27 05:00:00,temperature,23.070305555555553
889,2013-08-27 06:00:00,temperature,22.779749999999996
890,2013-08-27 07:00:00,temperature,22.532878998609178
891,2013-08-27 08:00:00,temperature,22.321977715877438
892,2013-08-27 09:00:00,temperature,22.123718662952648
893,2013-08-27 10:00:00,temperature,21.901601671309194
894,2013-08-27 11:00:00,temperature,21.69838664812239
895,2013-08-27 12:00:00,temperature,21.951777777777778
896,2013-08-27 13:00:00,temperature,22.902183588317104
897,2013-08-27 14:00:00,temperature,23.664853963838663
898,2013-08-27 15:00:00,temperature,24.238916666666668
899,2013-08-27 16:00:00,temperature,24.43231520223152
900,2013-08-27 17:00:00,temperature,24.85591922005571
901,2013-08-27 18:00:00,temperature,25.106142857142856
902,2013-08-27 19:00:00,temperature,
903,2013-08-27 20:00:00,temperature,
904,2013-08-27 21:00:00,temperature,
905,2013-08-27 22:00:00,temperature,
906,2013-08-27 23:00:00,temperature,24.480515695067265
907,2013-08-28 00:00:00,temperature,24.393861111111107
908,2013-08-28 01:00:00,temperature,24.40116666666667
909,2013-08-28 02:00:00,temperature,24.248291666666667
910,2013-08-28 03:00:00,temperature,23.99211111111111
911,2013-08-28 04:00:00,temperature,23.636555555555557
912,2013-08-28 05:00:00,temperature,23.277736111111114
913,2013-08-28 06:00:00,temperature,23.018930555555556
914,2013-08-28 07:00:00,temperature,22.782819444444446
915,2013-08-28 08:00:00,temperature,22.575875
916,2013-08-28 09:00:00,temperature,22.405347222222222
917,2013-08-28 10:00:00,temperature,22.27175
918,2013-08-28 11:00:00,temperature,22.145791666666664
919,2013-08-28 12:00:00,temperature,22.399875
920,2013-08-28 13:00:00,temperature,23.33740277777778
921,2013-08-28 14:00:00,temperature,23.755194444444445
922,2013-08-28 15:00:00,temperature,23.445402777777776
923,2013-08-28 16:00:00,temperature,23.477319444444447
924,2013-08-28 17:00:00,temperature,23.920125000000002
925,2013-08-28 18:00:00,temperature,24.571206657420248
926,2013-08-28 19:00:00,temperature,24.824583333333333
927,2013-08-28 20:00:00,temperature,24.832194444444443
928,2013-08-28 21:00:00,temperature,24.768649789029535
929,2013-08-28 22:00:00,temperature,24.697888888888887
930,2013-08-28 23:00:00,temperature,24.520583333333335
931,2013-08-29 00:00:00,temperature,24.423833333333334
932,2013-08-29 01:00:00,temperature,24.384569444444445
933,2013-08-29 02:00:00,temperature,24.203041666666664
934,2013-08-29 03:00:00,temperature,24.03451388888889
935,2013-08-29 04:00:00,temperature,23.859083333333334
936,2013-08-29 05:00:00,temperature,23.74511111111111
937,2013-08-29 06:00:00,temperature,23.699152777777776
938,2013-08-29 07:00:00,temperature,23.598250000000004
939,2013-08-29 08:00:00,temperature,23.487625
940,2013-08-29 09:00:00,temperature,23.374833333333335
941,2013-08-29 10:00:00,temperature,23.25726388888889
942,2013-08-29 11:00:00,temperature,23.163541666666667
943,2013-08-29 12:00:00,temperature,23.23322222222222
944,2013-08-29 13:00:00,temperature,23.333291666666668
945,2013-08-29 14:00:00,temperature,23.35584722222222
946,2013-08-29 15:00:00,temperature,23.372319444444443
947,2013-08-29 16:00:00,temperature,23.409382911392406
948,2013-08-29 17:00:00,temperature,23.540625
949,2013-08-29 18:00:00,temperature,24.16825
950,2013-08-29 19:00:00,temperature,24.41838888888889
951,2013-08-29 20:00:00,temperature,24.650930555555554
952,2013-08-29 21:00:00,temperature,24.808277777777775
953,2013-08-29 22:00:00,temperature,25.008444444444443
954,2013-08-29 23:00:00,temperature,24.619291666666665
955,2013-08-30 00:00:00,temperature,24.51434722222222
956,2013-08-30 01:00:00,temperature,24.477777777777778
957,2013-08-30 02:00:00,temperature,24.3435
958,2013-08-30 03:00:00,temperature,24.164041666666666
959,2013-08-30 04:00:00,temperature,23.96108333333333
960,2013-08-30 05:00:00,temperature,23.800444444444445
961,2013-08-30 06:00:00,temperature,23.704069444444446
962,2013-08-30 07:00:00,temperature,23.62351388888889
963,2013-08-30 08:00:00,temperature,23.522222222222222
964,2013-08-30 09:00:00,temperature,23.409871977240396
965,2013-08-30 10:00:00,temperature,23.287166666666664
966,2013-08-30 11:00:00,temperature,23.18570833333333
967,2013-08-30 12:00:00,temperature,23.278183079056866
968,2013-08-30 13:00:00,temperature,23.395138888888887
969,2013-08-30 14:00:00,temperature,23.404339360222533
970,2013-08-30 15:00:00,temperature,23.47573611111111
971,2013-08-30 16:00:00,temperature,23.734255910987482
972,2013-08-30 17:00:00,temperature,24.483277777777776
973,2013-08-30 18:00:00,temperature,25.000069444444442
974,2013-08-30 19:00:00,temperature,25.16033333333333
975,2013-08-30 20:00:00,temperature,25.26609722222222
976,2013-08-30 21:00:00,temperature,25.149736111111114
977,2013-08-30 22:00:00,temperature,25.086805555555557
978,2013-08-30 23:00:00,temperature,24.690694444444443
979,2013-08-31 00:00:00,temperature,24.397069444444444
980,2013-08-31 01:00:00,temperature,24.369694444444445
981,2013-08-31 02:00:00,temperature,24.44344923504868
982,2013-08-31 03:00:00,temperature,24.39576388888889
983,2013-08-31 04:00:00,temperature,24.182406119610572
984,2013-08-31 05:00:00,temperature,24.049694444444444
985,2013-08-31 06:00:00,temperature,23.954874999999998
986,2013-08-31 07:00:00,temperature,23.859847009735745
987,2013-08-31 08:00:00,temperature,23.737736111111115
988,2013-08-31 09:00:00,temperature,23.59320334261838
989,2013-08-31 10:00:00,temperature,23.430986111111114
990,2013-08-31 11:00:00,temperature,23.276611111111112
991,2013-08-31 12:00:00,temperature,23.126749999999998
992,2013-08-31 13:00:00,temperature,23.012642559109874
993,2013-08-31 14:00:00,temperature,22.940527777777778
994,2013-08-31 15:00:00,temperature,22.932464589235128
995,2013-08-31 16:00:00,temperature,23.16037656903766
996,2013-08-31 17:00:00,temperature,23.81259052924791
997,2013-08-31 18:00:00,temperature,24.29321428571429
998,2013-08-31 19:00:00,temperature,
999,2013-08-31 20:00:00,temperature,
1000,2013-08-31 21:00:00,temperature,
1001,2013-08-31 22:00:00,temperature,
1002,2013-08-31 23:00:00,temperature,
1003,2013-09-01 00:00:00,temperature,
1004,2013-09-01 01:00:00,temperature,
1005,2013-09-01 02:00:00,temperature,
1006,2013-09-01 03:00:00,temperature,
1007,2013-09-01 04:00:00,temperature,
1008,2013-09-01 05:00:00,temperature,
1009,2013-09-01 06:00:00,temperature,
